index,link
1,https://www.google.com/search?q=sasa&oq=sasa&aqs=chrome..69i57l2j69i60l2j69ise61j69i60l3.853j0j1&sourceid=chrome&ie=UTF-8
2,https://www.google.com/search?q=sasa&oq=sasa&aqs=chrome..69i57l33j69i60l2j69i61hrdj69i60l3.853j0j1&sourceid=chrome&ie=UTF-8
3,https://www.google.com/search?q=sasa&oq=sasa&aqs=chrome...s9i57l33j69i60l2j69i61gjhdr69i60l3.853j0j1&sourceid=chrome&ie=UTF-8
4,https://www.google.com/search?q=sasa&oq=sasa&aqs=chrome..69i57l2j69i60l2j69i61j69i60hdrl3.853j0j1&sourceid=chrome&ie=UTF-8
5,https://www.google.com/search?q=sasa&oq=sasa&aqs=chrome..69i57l33j69i60l2j69i61j69i60lhyg3.853j0j1&sourceid=chrome&ie=UTF-8
6,https://www.google.com/search?q=sasa&oq=sasa&aqs=chrome...s9i57l33j69i60l2j69i61j69i60lhtf3.853j0j1&sourceid=chrome&ie=UTF-8
7,https://www.google.com/search?q=sasa&oq=sasa&aqs=chrome..69i57l2j69i60l2j69i61j69i60l3.85htf3j0j1&sourceid=chrome&ie=UTF-8
8,https://www.google.com/search?q=sasa&oq=sasa&aqs=chrome..69i57l33j69i60l2j69i61j69i60l3.853j0fhtj1&sourceid=chrome&ie=UTF-8
9,https://www.google.com/search?q=sasa&oq=sasa&aqs=hrome...s9i57l33j69i60l2j69i61j69i60l3.853j0j1&hfthftsourceid=chrome&ie=UTF-8
10,https://www.google.com/search?q=sasa&oq=sasa&aqs=chrome..69i57l2j69i60l2j69i61j69i60l3.853j0j1&sourcehftfhtid=chrome&ie=UTF-8
11,https://www.google.com/search?q=sasa&oq=sasa&aqs=chrome..69i57l33j69i60l2j69i61j69i60l3.853j0j1&sourceid=chfthhfrome&ie=UTF-8
12,https://www.google.com/search?q=sasa&oq=sasa&aqs=chrome...s9i57l33j69i60l2j69i61j69i60l3.853j0j1&sourceid=chrofthhme&ie=UTF-8
13,https://www.google.com/search?q=sasa&oq=sasa&aqs=chrome..69i57l2j69i60l2j69isef61j69i60l3.853j0j1&sourceid=chrome&fhthtie=UTF-8
14,https://www.google.com/search?q=sasa&oq=sasa&aqs=c\hrome..69i57l33j69i60l2j69sfi61j69i60l3.853j0j1&sourceid=chrome&ie=fhtfhUTF-8
15,https://www.google.com/search?q=sasa&oqfhthft=sasa&aqs=chrome...s9i57l33j69i60l2j69i61j69i60l3.853j0j1&sourceid=chrome&ie=UTF-8
16,https://www.google.com/search?q=sasa&oq=sasa&hfthftaqs=chrome..69i57l2j69i60l2j69i61j69i60l3.853j0j1&sourceid=chrome&ie=UTF-8
17,https://www.google.com/search?q=sasa&oq=sasa&aqs=chrome..69i57l33j69i60l2j69i61j69i60l3.853j0j1&sourceid=chrome&ie=UTF-8
18,https://www.google.com/search?qfnfn=sasa&oq=sasa&aqs=chrome...s9i57l33j69i60l2j69i61j69i60l3.853j0j1&sourceid=chrome&ie=UTF-8
19,https://www.google.com/search?q=sasdfna&oq=sasa&aqs=chrome..69i57l2j69i60l2j69i61j69i60l3.853j0j1&sourceid=chrome&ie=UTF-8
20,https://www.google.com/search?q=sasa&ondfndfq=sasa&aqs=chrome..69i57l33j69i60l2j69i61j69i60l3.853j0j1&sourceid=chrome&ie=UTF-8
21,https://www.google.com/search?q=sasa&oq=sasa&aqs=chrome...s9i57lsgrgr33j69i60l2j69i61j69i60l3.853j0j1&sourceid=chrome&ie=UTF-8
22,https://www.google.com/search?q=sasa&oq=sasa&aqs=chrome..69i57l2j69i60l2dnhfyjj69i61j69i60l3.853j0j1&sourceid=chrome&ie=UTF-8
23,https://www.google.com/search?q=sasa&oq=sasa&aqs=chrome..69i57l33j6segge9i60l2j69i61j69i60l3.853j0j1&sourceid=chrome&ie=UTF-8
24,https://www.google.com/search?q=sasa&oq=sasa&aqs=chrome...s9i57l33j69i60hdtrhl2j69i61j69i60l3.853j0j1&sourceid=chrome&ie=UTF-8
25,https://www.google.com/search?q=sasa&oq=sasa&aqs=chrome..69i57ldgrgd2j69drhdri60l2j69i61j69i60l3.853j0j1&sourceid=chrome&ie=UTF-8
26,https://www.google.com/search?q=sasa&oq=sasa&aqs=chrome..69i57l33j69i60l2j69ihddrtfjjtfhft61j69i60l3.853j0j1&sourceid=chrome&ie=UTF-8
27,https://www.google.com/search?q=sasa&oq=sasfesegsa&aqs=chrome...s9i57l33j69i60l2j69i61j69i60l3.853j0j1&sourceid=chrome&ie=UTF-8